India in Pixels - YouTube,Could Not be Downloaded please try again,Fri Apr  5 16:01:42 2019
Abhishek Upmanyu - YouTube,Could Not be Downloaded please try again,Fri Apr  5 16:01:57 2019
India in Pixels - YouTube,Could Not be Downloaded please try again,Fri Apr  5 16:03:09 2019
Abhishek Upmanyu - YouTube,Could Not be Downloaded please try again,Fri Apr  5 16:03:22 2019
India in Pixels - YouTube,Could Not be Downloaded please try again,Fri Apr  5 16:03:52 2019
Abhishek Upmanyu - YouTube,Could Not be Downloaded please try again,Fri Apr  5 16:04:06 2019
India in Pixels - YouTube,Could Not be Downloaded please try again,Fri Apr  5 16:04:25 2019
Abhishek Upmanyu - YouTube,Could Not be Downloaded please try again,Fri Apr  5 16:04:41 2019
India in Pixels - YouTube,Could Not be Downloaded please try again,Fri Apr  5 16:05:23 2019
Abhishek Upmanyu - YouTube,Could Not be Downloaded please try again,Fri Apr  5 16:05:43 2019
India in Pixels - YouTube,Could Not be Downloaded please try again,Fri Apr  5 16:11:08 2019
Abhishek Upmanyu - YouTube,Could Not be Downloaded please try again,Fri Apr  5 16:12:07 2019
India in Pixels - YouTube,Could Not be Downloaded please try again,Fri Apr  5 16:17:08 2019
India in Pixels - YouTube,Could Not be Downloaded please try again,Fri Apr  5 16:27:00 2019
India in Pixels - YouTube,Could Not be Downloaded please try again,Fri Apr  5 16:28:53 2019
Abhishek Upmanyu - YouTube,Could Not be Downloaded please try again,Fri Apr  5 16:29:43 2019
India in Pixels - YouTube,Could Not be Downloaded please try again,Fri Apr  5 16:30:47 2019
Abhishek Upmanyu - YouTube,Could Not be Downloaded please try again,Fri Apr  5 16:31:00 2019
India in Pixels - YouTube,Could Not be Downloaded please try again,Fri Apr  5 16:37:23 2019
India in Pixels - YouTube,Could Not be Downloaded please try again,Fri Apr  5 17:55:18 2019
Abhishek Upmanyu - YouTube,Could Not be Downloaded please try again,Fri Apr  5 17:55:37 2019
India in Pixels - YouTube,Could Not be Downloaded please try again,Fri Apr  5 17:56:56 2019
Abhishek Upmanyu - YouTube,Could Not be Downloaded please try again,Fri Apr  5 17:57:08 2019
India in Pixels - YouTube,Could Not be Downloaded please try again,Fri Apr  5 17:57:46 2019
Abhishek Upmanyu - YouTube,Could Not be Downloaded please try again,Fri Apr  5 17:57:59 2019
India in Pixels - YouTube,Could Not be Downloaded please try again,Fri Apr  5 18:00:37 2019
Abhishek Upmanyu - YouTube,Could Not be Downloaded please try again,Fri Apr  5 18:00:49 2019
India in Pixels - YouTube,Could Not be Downloaded please try again,Fri Apr  5 18:02:03 2019
Abhishek Upmanyu - YouTube,Could Not be Downloaded please try again,Fri Apr  5 18:02:15 2019
India in Pixels - YouTube,Could Not be Downloaded please try again,Fri Apr  5 18:03:48 2019
Abhishek Upmanyu - YouTube,Could Not be Downloaded please try again,Fri Apr  5 18:03:59 2019
India in Pixels - YouTube,Could Not be Downloaded please try again,Fri Apr  5 18:04:57 2019
Abhishek Upmanyu - YouTube,Could Not be Downloaded please try again,Fri Apr  5 18:05:10 2019
India in Pixels - YouTube,Could Not be Downloaded please try again,Fri Apr  5 18:05:36 2019
Abhishek Upmanyu - YouTube,Could Not be Downloaded please try again,Fri Apr  5 18:05:55 2019
