India in Pixels - YouTube,Top 10 IPL Teams Ranked By Total Wins (2008 - 2019) [Deccan Chargers + Sunrisers Hyderabad],6.2K views,11 hours ago,https://www.youtube.com/watch?v=Z2L5DLfxgpo,Fri Apr  5 13:40:49 2019
India in Pixels - YouTube,12 IPL Teams Ranked By Total Wins (2008-2019) [Old Version],37K views,14 hours ago,https://www.youtube.com/watch?v=-FlxUyxYdL4,Fri Apr  5 13:41:02 2019
India in Pixels - YouTube,Top 15 Cricketers Ranked by Total Centuries in ODI Matches (1978 - 2018),178K views,2 days ago,https://www.youtube.com/watch?v=F1Ih2D2tNDk,Fri Apr  5 13:41:15 2019
India in Pixels - YouTube,Top 15 Cricketers Ranked By Test Wickets (1967 - 2019),64K views,4 days ago,https://www.youtube.com/watch?v=q5S3v5VCE38,Fri Apr  5 13:41:31 2019
India in Pixels - YouTube,Top 15 IPL Players Ranked By Total Wickets Taken ( 2008 - 2018),65K views,4 days ago,https://www.youtube.com/watch?v=718V9163o70,Fri Apr  5 13:41:42 2019
India in Pixels - YouTube,Top 15 Cricketers By Cumulative Runs in IPL ( 2008 - 2018 ),89K views,6 days ago,https://www.youtube.com/watch?v=uKphXoUoXjI,Fri Apr  5 13:41:57 2019
India in Pixels - YouTube,Top 15 Cricketers Ranked By Total Test Runs (1969 - 2019),75K views,1 week ago,https://www.youtube.com/watch?v=PcdlqZ008rA,Fri Apr  5 13:42:07 2019
India in Pixels - YouTube,Top 15 Cricketers Ranked By ODI Wickets Taken (1971 - 2019),190K views,1 week ago,https://www.youtube.com/watch?v=AmHIRWEdwg8,Fri Apr  5 13:42:09 2019
India in Pixels - YouTube,Top 15 States in India Ranked By GDP Per Capita (1981 - 2016),24K views,2 weeks ago,https://www.youtube.com/watch?v=0WBCpxyGJcw,Fri Apr  5 13:42:24 2019
India in Pixels - YouTube,Top 15 Cricketers Ranked By Total ODI Runs (1971 - 2019),735K views,2 weeks ago,https://www.youtube.com/watch?v=hF0qalFyFr4,Fri Apr  5 13:42:37 2019
India in Pixels - YouTube,Top 15 Indians Ranked By Net Worth (2003 - 2018),96K views,3 weeks ago,https://www.youtube.com/watch?v=uzQgybrlPnU,Fri Apr  5 13:42:54 2019
India in Pixels - YouTube,Top 15 States in India Ranked By Population (1951 - 2019),11K views,3 weeks ago,https://www.youtube.com/watch?v=9ZP1tY5YHP8,Fri Apr  5 13:43:07 2019
India in Pixels - YouTube,Top 15 States in India Ranked By GDP (1981 - 2016),28K views,3 weeks ago,https://www.youtube.com/watch?v=091mGrATIDQ,Fri Apr  5 13:43:16 2019
