Random Chikibum - YouTube,Bangalore | Stand up Comedy by Rahul Subramanian,851K views,1 day ago,https://www.youtube.com/watch?v=PVrtI6YOe6Y,Thu Apr  4 18:28:41 2019
Random Chikibum - YouTube,Engineering & Marriage | Stand up Comedy by Kumar Varun,1.8M views,1 week ago,https://www.youtube.com/watch?v=m_H5sQULpnA,Thu Apr  4 18:29:07 2019
Random Chikibum - YouTube,Hanes Bra | Stand up Comedy by Rahul Subramanian,1M views,2 weeks ago,https://www.youtube.com/watch?v=luqmhP5qABE,Thu Apr  4 18:29:27 2019
Random Chikibum - YouTube,Random Chikibum | New Stand Up - Coming Soon,34K views,2 weeks ago,https://www.youtube.com/watch?v=zoRCj-nSrFQ,Thu Apr  4 18:29:40 2019
Random Chikibum - YouTube,North Indians v/s South Indians | Stand Up Comedy By Rahul Subramanian,1.5M views,11 months ago,https://www.youtube.com/watch?v=vWFq2T5j390,Thu Apr  4 18:29:47 2019
Random Chikibum - YouTube,Housemaid | Stand Up Comedy By Rahul Subramanian,1.9M views,11 months ago,https://www.youtube.com/watch?v=7fEhif3PsXI,Thu Apr  4 18:29:53 2019
Random Chikibum - YouTube,DJs | Stand Up Comedy By Rahul Subramanian,2.2M views,1 year ago,https://www.youtube.com/watch?v=JhVQllFg-2Q,Thu Apr  4 18:30:05 2019
Random Chikibum - YouTube,Kal Main Udega | Stand up Comedy Special by Rahul Subramanian | Official Trailer,198K views,1 year ago,https://www.youtube.com/watch?v=cjKuEcJb91c,Thu Apr  4 18:30:21 2019
Random Chikibum - YouTube,John Abraham & Kent | Stand up Comedy by Rahul Subramanian,2.5M views,1 year ago,https://www.youtube.com/watch?v=JzesyIXtMPk,Thu Apr  4 18:30:28 2019
Random Chikibum - YouTube,Monorail and Children | Stand up Comedy by Rahul Subramanian,2.3M views,2 years ago,https://www.youtube.com/watch?v=1aJ_VLlBPKo,Thu Apr  4 18:30:50 2019
Random Chikibum - YouTube,Break Up and MBA | Stand up Comedy by Rahul Subramanian,6.2M views,2 years ago,https://www.youtube.com/watch?v=gymcNvVEIJ4,Thu Apr  4 18:31:06 2019
Random Chikibum - YouTube,Dad on Facebook | Stand up Comedy by Rahul Subramanian,3.4M views,2 years ago,https://www.youtube.com/watch?v=cB_k4bi7VeU,Thu Apr  4 18:31:27 2019
Random Chikibum - YouTube,Could Not be Downloaded please try again
